"game_id","cover_path","trailer_url","screenshot_1","screenshot_2","screenshot_3","screenshot_4","screenshot_5"
1011,"game_media\covers\1011.jpg","https://www.youtube.com/watch?v=hvoD7ehZPcM","game_media\screenshots\1011_1.jpg","game_media\screenshots\1011_2.jpg","game_media\screenshots\1011_3.jpg","game_media\screenshots\1011_4.jpg","game_media\screenshots\1011_5.jpg"
1012,"game_media\covers\1012.jpg","https://www.youtube.com/watch?v=XHrskkHf958","game_media\screenshots\1012_1.jpg","game_media\screenshots\1012_2.jpg","game_media\screenshots\1012_3.jpg","game_media\screenshots\1012_4.jpg","game_media\screenshots\1012_5.jpg"
1013,"game_media\covers\1013.jpg","https://www.youtube.com/watch?v=tax4e4hBBZc","game_media\screenshots\1013_1.jpg","game_media\screenshots\1013_2.jpg","game_media\screenshots\1013_3.jpg","game_media\screenshots\1013_4.jpg","game_media\screenshots\1013_5.jpg"
1014,"game_media\covers\1014.jpg","https://www.youtube.com/watch?v=edYCtaNueQY","game_media\screenshots\1014_1.jpg","game_media\screenshots\1014_2.jpg","game_media\screenshots\1014_3.jpg","game_media\screenshots\1014_4.jpg","game_media\screenshots\1014_5.jpg"
1015,"game_media\covers\1015.jpg","https://www.youtube.com/watch?v=M4SG6DfVvLs","game_media\screenshots\1015_1.jpg","game_media\screenshots\1015_2.jpg","game_media\screenshots\1015_3.jpg","game_media\screenshots\1015_4.jpg","game_media\screenshots\1015_5.jpg"
1016,"game_media\covers\1016.jpg","https://www.youtube.com/watch?v=TluRVBhmf8w","game_media\screenshots\1016_1.jpg","game_media\screenshots\1016_2.jpg","game_media\screenshots\1016_3.jpg","game_media\screenshots\1016_4.jpg","game_media\screenshots\1016_5.jpg"
1017,"game_media\covers\1017.jpg","https://www.youtube.com/watch?v=9XIle_kLHKU","game_media\screenshots\1017_1.jpg","game_media\screenshots\1017_2.jpg","game_media\screenshots\1017_3.jpg","game_media\screenshots\1017_4.jpg","game_media\screenshots\1017_5.jpg"
1018,"game_media\covers\1018.jpg","https://www.youtube.com/watch?v=JSRtYpNRoN0","game_media\screenshots\1018_1.jpg","game_media\screenshots\1018_2.jpg","game_media\screenshots\1018_3.jpg","game_media\screenshots\1018_4.jpg","game_media\screenshots\1018_5.jpg"
1019,"game_media\covers\1019.jpg","https://www.youtube.com/watch?v=gmA6MrX81z4","game_media\screenshots\1019_1.jpg","game_media\screenshots\1019_2.jpg","game_media\screenshots\1019_3.jpg","game_media\screenshots\1019_4.jpg","game_media\screenshots\1019_5.jpg"
1020,"game_media\covers\1020.jpg","https://www.youtube.com/watch?v=xOx4HKrYHKc","game_media\screenshots\1020_1.jpg","game_media\screenshots\1020_2.jpg","game_media\screenshots\1020_3.jpg","game_media\screenshots\1020_4.jpg","game_media\screenshots\1020_5.jpg"
1021,"game_media\covers\1021.jpg","https://www.youtube.com/watch?v=ZuMACYc_5XY","game_media\screenshots\1021_1.jpg","game_media\screenshots\1021_2.jpg","game_media\screenshots\1021_3.jpg","game_media\screenshots\1021_4.jpg","game_media\screenshots\1021_5.jpg"
1022,"game_media\covers\1022.jpg","https://www.youtube.com/watch?v=UKA7JkV51Jw","game_media\screenshots\1022_1.jpg","game_media\screenshots\1022_2.jpg","game_media\screenshots\1022_3.jpg","game_media\screenshots\1022_4.jpg","game_media\screenshots\1022_5.jpg"
1023,"game_media\covers\1023.jpg","https://www.youtube.com/watch?v=AURVxvIZrmU","game_media\screenshots\1023_1.jpg","game_media\screenshots\1023_2.jpg","game_media\screenshots\1023_3.jpg","game_media\screenshots\1023_4.jpg","game_media\screenshots\1023_5.jpg"
1024,"game_media\covers\1024.jpg","https://www.youtube.com/watch?v=rrqfPG4ZcAA","game_media\screenshots\1024_1.jpg","game_media\screenshots\1024_2.jpg","game_media\screenshots\1024_3.jpg","game_media\screenshots\1024_4.jpg","game_media\screenshots\1024_5.jpg"
1025,"game_media\covers\1025.jpg","https://www.youtube.com/watch?v=jn1dML6RC5w","game_media\screenshots\1025_1.jpg","game_media\screenshots\1025_2.jpg","game_media\screenshots\1025_3.jpg","game_media\screenshots\1025_4.jpg","game_media\screenshots\1025_5.jpg"
1026,"game_media\covers\1026.jpg","https://www.youtube.com/watch?v=Z2tmHMIA1sU","game_media\screenshots\1026_1.jpg","game_media\screenshots\1026_2.jpg","game_media\screenshots\1026_3.jpg","game_media\screenshots\1026_4.jpg","game_media\screenshots\1026_5.jpg"
1027,"game_media\covers\1027.jpg","https://www.youtube.com/watch?v=X5aJfebzkrM","game_media\screenshots\1027_1.jpg","game_media\screenshots\1027_2.jpg","game_media\screenshots\1027_3.jpg","game_media\screenshots\1027_4.jpg","game_media\screenshots\1027_5.jpg"
1028,"game_media\covers\1028.jpg","https://www.youtube.com/watch?v=K0u_kAWLJOA","game_media\screenshots\1028_1.jpg","game_media\screenshots\1028_2.jpg","game_media\screenshots\1028_3.jpg","game_media\screenshots\1028_4.jpg","game_media\screenshots\1028_5.jpg"
1029,"game_media\covers\1029.jpg","https://www.youtube.com/watch?v=Y4HSyVXKYz8","game_media\screenshots\1029_1.jpg","game_media\screenshots\1029_2.jpg","game_media\screenshots\1029_3.jpg","game_media\screenshots\1029_4.jpg","game_media\screenshots\1029_5.jpg"
1030,"game_media\covers\1030.jpg","https://www.youtube.com/watch?v=N7ZafWA2jd8","game_media\screenshots\1030_1.jpg","game_media\screenshots\1030_2.jpg","game_media\screenshots\1030_3.jpg","game_media\screenshots\1030_4.jpg","game_media\screenshots\1030_5.jpg"
1031,"game_media\covers\1031.jpg","https://www.youtube.com/watch?v=SgSrpnW0EmU","game_media\screenshots\1031_1.jpg","game_media\screenshots\1031_2.jpg","game_media\screenshots\1031_3.jpg","game_media\screenshots\1031_4.jpg","game_media\screenshots\1031_5.jpg"
1032,"game_media\covers\1032.jpg","https://www.youtube.com/watch?v=BO8lX3hDU30","game_media\screenshots\1032_1.jpg","game_media\screenshots\1032_2.jpg","game_media\screenshots\1032_3.jpg","game_media\screenshots\1032_4.jpg","game_media\screenshots\1032_5.jpg"
1033,"game_media\covers\1033.jpg","https://www.youtube.com/watch?v=w7uOhFTrrq0","game_media\screenshots\1033_1.jpg","game_media\screenshots\1033_2.jpg","game_media\screenshots\1033_3.jpg","game_media\screenshots\1033_4.jpg","game_media\screenshots\1033_5.jpg"
1034,"game_media\covers\1034.jpg","https://www.youtube.com/watch?v=-cSFPIwMEq4","game_media\screenshots\1034_1.jpg","game_media\screenshots\1034_2.jpg","game_media\screenshots\1034_3.jpg","game_media\screenshots\1034_4.jpg","game_media\screenshots\1034_5.jpg"
1035,"game_media\covers\1035.jpg","https://www.youtube.com/watch?v=MsbL8lFHrZI","game_media\screenshots\1035_1.jpg","game_media\screenshots\1035_2.jpg","game_media\screenshots\1035_3.jpg","game_media\screenshots\1035_4.jpg","game_media\screenshots\1035_5.jpg"
1036,"game_media\covers\1036.jpg","https://www.youtube.com/watch?v=M80K51DosFo","game_media\screenshots\1036_1.jpg","game_media\screenshots\1036_2.jpg","game_media\screenshots\1036_3.jpg","game_media\screenshots\1036_4.jpg","game_media\screenshots\1036_5.jpg"
1037,"game_media\covers\1037.jpg","https://www.youtube.com/watch?v=SgSX3gOrj60","game_media\screenshots\1037_1.jpg","game_media\screenshots\1037_2.jpg","game_media\screenshots\1037_3.jpg","game_media\screenshots\1037_4.jpg","game_media\screenshots\1037_5.jpg"
1038,"game_media\covers\1038.jpg","https://www.youtube.com/watch?v=u4-FCsiF5x4","game_media\screenshots\1038_1.jpg","game_media\screenshots\1038_2.jpg","game_media\screenshots\1038_3.jpg","game_media\screenshots\1038_4.jpg","game_media\screenshots\1038_5.jpg"
1039,"game_media\covers\1039.jpg","https://www.youtube.com/watch?v=QThDHIu8sZE","game_media\screenshots\1039_1.jpg","game_media\screenshots\1039_2.jpg","game_media\screenshots\1039_3.jpg","game_media\screenshots\1039_4.jpg","game_media\screenshots\1039_5.jpg"
1040,"game_media\covers\1040.jpg","https://www.youtube.com/watch?v=qiYiddjc6cU","game_media\screenshots\1040_1.jpg","game_media\screenshots\1040_2.jpg","game_media\screenshots\1040_3.jpg","game_media\screenshots\1040_4.jpg","game_media\screenshots\1040_5.jpg"
1041,"game_media\covers\1041.jpg","https://www.youtube.com/watch?v=JeGAQXY2FzI","game_media\screenshots\1041_1.jpg","game_media\screenshots\1041_2.jpg","game_media\screenshots\1041_3.jpg","game_media\screenshots\1041_4.jpg","game_media\screenshots\1041_5.jpg"
1042,"game_media\covers\1042.jpg","https://www.youtube.com/watch?v=C19ap2M7DDE","game_media\screenshots\1042_1.jpg","game_media\screenshots\1042_2.jpg","game_media\screenshots\1042_3.jpg","game_media\screenshots\1042_4.jpg","game_media\screenshots\1042_5.jpg"
1043,"game_media\covers\1043.jpg","https://www.youtube.com/watch?v=jK_qkojj8ZU","game_media\screenshots\1043_1.jpg","game_media\screenshots\1043_2.jpg","game_media\screenshots\1043_3.jpg","game_media\screenshots\1043_4.jpg","game_media\screenshots\1043_5.jpg"
1044,"game_media\covers\1044.jpg","https://www.youtube.com/watch?v=IEgBseW52JE","game_media\screenshots\1044_1.jpg","game_media\screenshots\1044_2.jpg","game_media\screenshots\1044_3.jpg","game_media\screenshots\1044_4.jpg","game_media\screenshots\1044_5.jpg"
1045,"game_media\covers\1045.jpg","https://www.youtube.com/watch?v=m3EF-71dodo","game_media\screenshots\1045_1.jpg","game_media\screenshots\1045_2.jpg","game_media\screenshots\1045_3.jpg","game_media\screenshots\1045_4.jpg","game_media\screenshots\1045_5.jpg"
1046,"game_media\covers\1046.jpg","https://www.youtube.com/watch?v=-XkrfU32KMo","game_media\screenshots\1046_1.jpg","game_media\screenshots\1046_2.jpg","game_media\screenshots\1046_3.jpg","game_media\screenshots\1046_4.jpg","game_media\screenshots\1046_5.jpg"
1047,"game_media\covers\1047.jpg","https://www.youtube.com/watch?v=yOzcbtsw_pQ","game_media\screenshots\1047_1.jpg","game_media\screenshots\1047_2.jpg","game_media\screenshots\1047_3.jpg","game_media\screenshots\1047_4.jpg","game_media\screenshots\1047_5.jpg"
1048,"game_media\covers\1048.jpg","https://www.youtube.com/watch?v=BWkKx0GLa5Q","game_media\screenshots\1048_1.jpg","game_media\screenshots\1048_2.jpg","game_media\screenshots\1048_3.jpg","game_media\screenshots\1048_4.jpg","game_media\screenshots\1048_5.jpg"
1049,"game_media\covers\1049.jpg","https://www.youtube.com/watch?v=N40uY51s5Z0","game_media\screenshots\1049_1.jpg","game_media\screenshots\1049_2.jpg","game_media\screenshots\1049_3.jpg","game_media\screenshots\1049_4.jpg","game_media\screenshots\1049_5.jpg"
1050,"game_media\covers\1050.jpg","https://www.youtube.com/watch?v=aOadxZBsPiA","game_media\screenshots\1050_1.jpg","game_media\screenshots\1050_2.jpg","game_media\screenshots\1050_3.jpg","game_media\screenshots\1050_4.jpg","game_media\screenshots\1050_5.jpg"
1051,"game_media\covers\1051.jpg","https://www.youtube.com/watch?v=UAO2urG23S4","game_media\screenshots\1051_1.jpg","game_media\screenshots\1051_2.jpg","game_media\screenshots\1051_3.jpg","game_media\screenshots\1051_4.jpg","game_media\screenshots\1051_5.jpg"
1052,"game_media\covers\1052.jpg","https://www.youtube.com/watch?v=tzWTcDydlpM","game_media\screenshots\1052_1.jpg","game_media\screenshots\1052_2.jpg","game_media\screenshots\1052_3.jpg","game_media\screenshots\1052_4.jpg","game_media\screenshots\1052_5.jpg"
1053,"game_media\covers\1053.jpg","https://www.youtube.com/watch?v=DL_mPw7KEU8","game_media\screenshots\1053_1.jpg","game_media\screenshots\1053_2.jpg","game_media\screenshots\1053_3.jpg","game_media\screenshots\1053_4.jpg","game_media\screenshots\1053_5.jpg"
1054,"game_media\covers\1054.jpg","https://www.youtube.com/watch?v=O2W0N3uKXmo","game_media\screenshots\1054_1.jpg","game_media\screenshots\1054_2.jpg","game_media\screenshots\1054_3.jpg","game_media\screenshots\1054_4.jpg","game_media\screenshots\1054_5.jpg"
1055,"game_media\covers\1055.jpg","https://www.youtube.com/watch?v=n0l5N6Exjz0","game_media\screenshots\1055_1.jpg","game_media\screenshots\1055_2.jpg","game_media\screenshots\1055_3.jpg","game_media\screenshots\1055_4.jpg","game_media\screenshots\1055_5.jpg"
1056,"game_media\covers\1056.jpg","https://www.youtube.com/watch?v=8ePZoY-Kgz4","game_media\screenshots\1056_1.jpg","game_media\screenshots\1056_2.jpg","game_media\screenshots\1056_3.jpg","game_media\screenshots\1056_4.jpg","game_media\screenshots\1056_5.jpg"
1057,"game_media\covers\1057.jpg","https://www.youtube.com/watch?v=_zDZYrIUgKE","game_media\screenshots\1057_1.jpg","game_media\screenshots\1057_2.jpg","game_media\screenshots\1057_3.jpg","game_media\screenshots\1057_4.jpg","game_media\screenshots\1057_5.jpg"
1058,"game_media\covers\1058.jpg","https://www.youtube.com/watch?v=_KVfPMSK8hA","game_media\screenshots\1058_1.jpg","game_media\screenshots\1058_2.jpg","game_media\screenshots\1058_3.jpg","game_media\screenshots\1058_4.jpg","game_media\screenshots\1058_5.jpg"
1059,"game_media\covers\1059.jpg","https://www.youtube.com/watch?v=Z29ORu6_p34","game_media\screenshots\1059_1.jpg","game_media\screenshots\1059_2.jpg","game_media\screenshots\1059_3.jpg","game_media\screenshots\1059_4.jpg","game_media\screenshots\1059_5.jpg"
1060,"game_media\covers\1060.jpg","https://www.youtube.com/watch?v=2N1TJP1cxmo","game_media\screenshots\1060_1.jpg","game_media\screenshots\1060_2.jpg","game_media\screenshots\1060_3.jpg","game_media\screenshots\1060_4.jpg","game_media\screenshots\1060_5.jpg"
1061,"game_media\covers\1061.jpg","https://www.youtube.com/watch?v=mg5s5Dq50Rg","game_media\screenshots\1061_1.jpg","game_media\screenshots\1061_2.jpg","game_media\screenshots\1061_3.jpg","game_media\screenshots\1061_4.jpg","game_media\screenshots\1061_5.jpg"
1062,"game_media\covers\1062.jpg","https://www.youtube.com/watch?v=uKA-IA4locM","game_media\screenshots\1062_1.jpg","game_media\screenshots\1062_2.jpg","game_media\screenshots\1062_3.jpg","game_media\screenshots\1062_4.jpg","game_media\screenshots\1062_5.jpg"
1063,"game_media\covers\1063.jpg","https://www.youtube.com/watch?v=ot7uXNQskhs","game_media\screenshots\1063_1.jpg","game_media\screenshots\1063_2.jpg","game_media\screenshots\1063_3.jpg","game_media\screenshots\1063_4.jpg","game_media\screenshots\1063_5.jpg"
1064,"game_media\covers\1064.jpg","https://www.youtube.com/watch?v=1XOLX3Dbgqw","game_media\screenshots\1064_1.jpg","game_media\screenshots\1064_2.jpg","game_media\screenshots\1064_3.jpg","game_media\screenshots\1064_4.jpg","game_media\screenshots\1064_5.jpg"
1065,"game_media\covers\1065.jpg","https://www.youtube.com/watch?v=fDLAFIhfFy4","game_media\screenshots\1065_1.jpg","game_media\screenshots\1065_2.jpg","game_media\screenshots\1065_3.jpg","game_media\screenshots\1065_4.jpg","game_media\screenshots\1065_5.jpg"
1066,"game_media\covers\1066.jpg","https://www.youtube.com/watch?v=KhhNhpOln64","game_media\screenshots\1066_1.jpg","game_media\screenshots\1066_2.jpg","game_media\screenshots\1066_3.jpg","game_media\screenshots\1066_4.jpg","game_media\screenshots\1066_5.jpg"
1067,"game_media\covers\1067.jpg","https://www.youtube.com/watch?v=J6gnOVJsCsM","game_media\screenshots\1067_1.jpg","game_media\screenshots\1067_2.jpg","game_media\screenshots\1067_3.jpg","game_media\screenshots\1067_4.jpg","game_media\screenshots\1067_5.jpg"
1068,"game_media\covers\1068.jpg","https://www.youtube.com/watch?v=u1nY_5-UrY4","game_media\screenshots\1068_1.jpg","game_media\screenshots\1068_2.jpg","game_media\screenshots\1068_3.jpg","game_media\screenshots\1068_4.jpg","game_media\screenshots\1068_5.jpg"
1069,"game_media\covers\1069.jpg","https://www.youtube.com/watch?v=kgXVLw6qpFM","game_media\screenshots\1069_1.jpg","game_media\screenshots\1069_2.jpg","game_media\screenshots\1069_3.jpg","game_media\screenshots\1069_4.jpg","game_media\screenshots\1069_5.jpg"
1070,"game_media\covers\1070.jpg","https://www.youtube.com/watch?v=pu4hQR4fG2o","game_media\screenshots\1070_1.jpg","game_media\screenshots\1070_2.jpg","game_media\screenshots\1070_3.jpg","game_media\screenshots\1070_4.jpg","game_media\screenshots\1070_5.jpg"
1071,"game_media\covers\1071.jpg","https://www.youtube.com/watch?v=cF_YGL3W6CE","game_media\screenshots\1071_1.jpg","game_media\screenshots\1071_2.jpg","game_media\screenshots\1071_3.jpg","game_media\screenshots\1071_4.jpg","game_media\screenshots\1071_5.jpg"
1072,"game_media\covers\1072.jpg","https://www.youtube.com/watch?v=eaP1-yCqbUw","game_media\screenshots\1072_1.jpg","game_media\screenshots\1072_2.jpg","game_media\screenshots\1072_3.jpg","game_media\screenshots\1072_4.jpg","game_media\screenshots\1072_5.jpg"
1073,"game_media\covers\1073.jpg","https://www.youtube.com/watch?v=LuCaBp9wgtE","game_media\screenshots\1073_1.jpg","game_media\screenshots\1073_2.jpg","game_media\screenshots\1073_3.jpg","game_media\screenshots\1073_4.jpg","game_media\screenshots\1073_5.jpg"
1074,"game_media\covers\1074.jpg","https://www.youtube.com/watch?v=csTf2Z7xlQ0","game_media\screenshots\1074_1.jpg","game_media\screenshots\1074_2.jpg","game_media\screenshots\1074_3.jpg","game_media\screenshots\1074_4.jpg","game_media\screenshots\1074_5.jpg"
1075,"game_media\covers\1075.jpg","https://www.youtube.com/watch?v=q4GdJVvdxss","game_media\screenshots\1075_1.jpg","game_media\screenshots\1075_2.jpg","game_media\screenshots\1075_3.jpg","game_media\screenshots\1075_4.jpg","game_media\screenshots\1075_5.jpg"
1076,"game_media\covers\1076.jpg","https://www.youtube.com/watch?v=QD1pbWCJcKQ","game_media\screenshots\1076_1.jpg","game_media\screenshots\1076_2.jpg","game_media\screenshots\1076_3.jpg","game_media\screenshots\1076_4.jpg","game_media\screenshots\1076_5.jpg"
1077,"game_media\covers\1077.jpg","https://www.youtube.com/watch?v=LNHZ9WAertc","game_media\screenshots\1077_1.jpg","game_media\screenshots\1077_2.jpg","game_media\screenshots\1077_3.jpg","game_media\screenshots\1077_4.jpg","game_media\screenshots\1077_5.jpg"
1078,"game_media\covers\1078.jpg","https://www.youtube.com/watch?v=lU_NKNZljoQ","game_media\screenshots\1078_1.jpg","game_media\screenshots\1078_2.jpg","game_media\screenshots\1078_3.jpg","game_media\screenshots\1078_4.jpg","game_media\screenshots\1078_5.jpg"
1079,"game_media\covers\1079.jpg","https://www.youtube.com/watch?v=l-x-1fm2cq8","game_media\screenshots\1079_1.jpg","game_media\screenshots\1079_2.jpg","game_media\screenshots\1079_3.jpg","game_media\screenshots\1079_4.jpg","game_media\screenshots\1079_5.jpg"
1080,"game_media\covers\1080.jpg","https://www.youtube.com/watch?v=lTjRZ__-278","game_media\screenshots\1080_1.jpg","game_media\screenshots\1080_2.jpg","game_media\screenshots\1080_3.jpg","game_media\screenshots\1080_4.jpg","game_media\screenshots\1080_5.jpg"
1081,"game_media\covers\1081.jpg","https://www.youtube.com/watch?v=BbIfOya35f0","game_media\screenshots\1081_1.jpg","game_media\screenshots\1081_2.jpg","game_media\screenshots\1081_3.jpg","game_media\screenshots\1081_4.jpg","game_media\screenshots\1081_5.jpg"
1082,"game_media\covers\1082.jpg","https://www.youtube.com/watch?v=dU-aq2JbLkk","game_media\screenshots\1082_1.jpg","game_media\screenshots\1082_2.jpg","game_media\screenshots\1082_3.jpg","game_media\screenshots\1082_4.jpg","game_media\screenshots\1082_5.jpg"
1083,"game_media\covers\1083.jpg","https://www.youtube.com/watch?v=32LDc_66r5U","game_media\screenshots\1083_1.jpg","game_media\screenshots\1083_2.jpg","game_media\screenshots\1083_3.jpg","game_media\screenshots\1083_4.jpg","game_media\screenshots\1083_5.jpg"
1084,"game_media\covers\1084.jpg","https://www.youtube.com/watch?v=h1l8c5ZllNc","game_media\screenshots\1084_1.jpg","game_media\screenshots\1084_2.jpg","game_media\screenshots\1084_3.jpg","game_media\screenshots\1084_4.jpg","game_media\screenshots\1084_5.jpg"
1085,"game_media\covers\1085.jpg","https://www.youtube.com/watch?v=VeIn3WjbVbw","game_media\screenshots\1085_1.jpg","game_media\screenshots\1085_2.jpg","game_media\screenshots\1085_3.jpg","game_media\screenshots\1085_4.jpg","game_media\screenshots\1085_5.jpg"
1086,"game_media\covers\1086.jpg","https://www.youtube.com/watch?v=fBJ0ifVtK5c","game_media\screenshots\1086_1.jpg","game_media\screenshots\1086_2.jpg","game_media\screenshots\1086_3.jpg","game_media\screenshots\1086_4.jpg","game_media\screenshots\1086_5.jpg"
1087,"game_media\covers\1087.jpg","https://www.youtube.com/watch?v=4lEfl_OebvQ","game_media\screenshots\1087_1.jpg","game_media\screenshots\1087_2.jpg","game_media\screenshots\1087_3.jpg","game_media\screenshots\1087_4.jpg","game_media\screenshots\1087_5.jpg"
1088,"game_media\covers\1088.jpg","https://www.youtube.com/watch?v=Wu1Aii7scBo","game_media\screenshots\1088_1.jpg","game_media\screenshots\1088_2.jpg","game_media\screenshots\1088_3.jpg","game_media\screenshots\1088_4.jpg","game_media\screenshots\1088_5.jpg"
1089,"game_media\covers\1089.jpg","https://www.youtube.com/watch?v=zFUymXnQ5z8","game_media\screenshots\1089_1.jpg","game_media\screenshots\1089_2.jpg","game_media\screenshots\1089_3.jpg","game_media\screenshots\1089_4.jpg","game_media\screenshots\1089_5.jpg"
1090,"game_media\covers\1090.jpg","https://www.youtube.com/watch?v=snaionoxjos","game_media\screenshots\1090_1.jpg","game_media\screenshots\1090_2.jpg","game_media\screenshots\1090_3.jpg","game_media\screenshots\1090_4.jpg","game_media\screenshots\1090_5.jpg"
1091,"game_media\covers\1091.jpg","https://www.youtube.com/watch?v=ZbPxNGh7dto","game_media\screenshots\1091_1.jpg","game_media\screenshots\1091_2.jpg","game_media\screenshots\1091_3.jpg","game_media\screenshots\1091_4.jpg","game_media\screenshots\1091_5.jpg"
1092,"game_media\covers\1092.jpg","https://www.youtube.com/watch?v=m8oQllwqw_I","game_media\screenshots\1092_1.jpg","game_media\screenshots\1092_2.jpg","game_media\screenshots\1092_3.jpg","game_media\screenshots\1092_4.jpg","game_media\screenshots\1092_5.jpg"
1093,"game_media\covers\1093.jpg","https://www.youtube.com/watch?v=WdKIQSwkYHI","game_media\screenshots\1093_1.jpg","game_media\screenshots\1093_2.jpg","game_media\screenshots\1093_3.jpg","game_media\screenshots\1093_4.jpg","game_media\screenshots\1093_5.jpg"
1094,"game_media\covers\1094.jpg","https://www.youtube.com/watch?v=F74LLDhAhhI","game_media\screenshots\1094_1.jpg","game_media\screenshots\1094_2.jpg","game_media\screenshots\1094_3.jpg","game_media\screenshots\1094_4.jpg","game_media\screenshots\1094_5.jpg"
1095,"game_media\covers\1095.jpg","https://www.youtube.com/watch?v=edYCtaNueQY","game_media\screenshots\1095_1.jpg","game_media\screenshots\1095_2.jpg","game_media\screenshots\1095_3.jpg","game_media\screenshots\1095_4.jpg","game_media\screenshots\1095_5.jpg"
1096,"game_media\covers\1096.jpg","https://www.youtube.com/watch?v=0GLbwkfhYZk","game_media\screenshots\1096_1.jpg","game_media\screenshots\1096_2.jpg","game_media\screenshots\1096_3.jpg","game_media\screenshots\1096_4.jpg","game_media\screenshots\1096_5.jpg"
1097,"game_media\covers\1097.jpg","https://www.youtube.com/watch?v=S7VvKGlVZu8","game_media\screenshots\1097_1.jpg","game_media\screenshots\1097_2.jpg","game_media\screenshots\1097_3.jpg","game_media\screenshots\1097_4.jpg","game_media\screenshots\1097_5.jpg"
1098,"game_media\covers\1098.jpg","https://www.youtube.com/watch?v=hh5HV4iic1Y","game_media\screenshots\1098_1.jpg","game_media\screenshots\1098_2.jpg","game_media\screenshots\1098_3.jpg","game_media\screenshots\1098_4.jpg","game_media\screenshots\1098_5.jpg"
1099,"game_media\covers\1099.jpg","https://www.youtube.com/watch?v=n49TPURRn38","game_media\screenshots\1099_1.jpg","game_media\screenshots\1099_2.jpg","game_media\screenshots\1099_3.jpg","game_media\screenshots\1099_4.jpg","game_media\screenshots\1099_5.jpg"
1100,"game_media\covers\1100.jpg","https://www.youtube.com/watch?v=lx9sPQpjgjU","game_media\screenshots\1100_1.jpg","game_media\screenshots\1100_2.jpg","game_media\screenshots\1100_3.jpg","game_media\screenshots\1100_4.jpg","game_media\screenshots\1100_5.jpg"
1101,"game_media\covers\1101.jpg","https://www.youtube.com/watch?v=-Jj_256ESeU","game_media\screenshots\1101_1.jpg","game_media\screenshots\1101_2.jpg","game_media\screenshots\1101_3.jpg","game_media\screenshots\1101_4.jpg","game_media\screenshots\1101_5.jpg"
1102,"game_media\covers\1102.jpg","https://www.youtube.com/watch?v=rUOCBCTRNl0","game_media\screenshots\1102_1.jpg","game_media\screenshots\1102_2.jpg","game_media\screenshots\1102_3.jpg","game_media\screenshots\1102_4.jpg","game_media\screenshots\1102_5.jpg"
1103,"game_media\covers\1103.jpg","https://www.youtube.com/watch?v=edYCtaNueQY","game_media\screenshots\1103_1.jpg","game_media\screenshots\1103_2.jpg","game_media\screenshots\1103_3.jpg","game_media\screenshots\1103_4.jpg","game_media\screenshots\1103_5.jpg"
1104,"game_media\covers\1104.jpg","https://www.youtube.com/watch?v=Mpn-MC2B6Zc","game_media\screenshots\1104_1.jpg","game_media\screenshots\1104_2.jpg","game_media\screenshots\1104_3.jpg","game_media\screenshots\1104_4.jpg","game_media\screenshots\1104_5.jpg"
1105,"game_media\covers\1105.jpg","https://www.youtube.com/watch?v=Z5g3mrK82VA","game_media\screenshots\1105_1.jpg","game_media\screenshots\1105_2.jpg","game_media\screenshots\1105_3.jpg","game_media\screenshots\1105_4.jpg","game_media\screenshots\1105_5.jpg"
1106,"game_media\covers\1106.jpg","https://www.youtube.com/watch?v=haMLxLbN2WI","game_media\screenshots\1106_1.jpg","game_media\screenshots\1106_2.jpg","game_media\screenshots\1106_3.jpg","game_media\screenshots\1106_4.jpg","game_media\screenshots\1106_5.jpg"
1107,"game_media\covers\1107.jpg","https://www.youtube.com/watch?v=rUOCBCTRNl0","game_media\screenshots\1107_1.jpg","game_media\screenshots\1107_2.jpg","game_media\screenshots\1107_3.jpg","game_media\screenshots\1107_4.jpg","game_media\screenshots\1107_5.jpg"
1108,"game_media\covers\1108.jpg","https://www.youtube.com/watch?v=tzWTcDydlpM","game_media\screenshots\1108_1.jpg","game_media\screenshots\1108_2.jpg","game_media\screenshots\1108_3.jpg","game_media\screenshots\1108_4.jpg","game_media\screenshots\1108_5.jpg"
1109,"game_media\covers\1109.jpg","https://www.youtube.com/watch?v=jSi2LDkyKmI","game_media\screenshots\1109_1.jpg","game_media\screenshots\1109_2.jpg","game_media\screenshots\1109_3.jpg","game_media\screenshots\1109_4.jpg","game_media\screenshots\1109_5.jpg"
1110,"game_media\covers\1110.jpg","https://www.youtube.com/watch?v=ygVPHxkokAE","game_media\screenshots\1110_1.jpg","game_media\screenshots\1110_2.jpg","game_media\screenshots\1110_3.jpg","game_media\screenshots\1110_4.jpg","game_media\screenshots\1110_5.jpg"
1111,"game_media\covers\1111.jpg","https://www.youtube.com/watch?v=cxTdP_1RGWs","game_media\screenshots\1111_1.jpg","game_media\screenshots\1111_2.jpg","game_media\screenshots\1111_3.jpg","game_media\screenshots\1111_4.jpg","game_media\screenshots\1111_5.jpg"
1112,"game_media\covers\1112.jpg","https://www.youtube.com/watch?v=pbhPGQkAS4k","game_media\screenshots\1112_1.jpg","game_media\screenshots\1112_2.jpg","game_media\screenshots\1112_3.jpg","game_media\screenshots\1112_4.jpg","game_media\screenshots\1112_5.jpg"
1113,"game_media\covers\1113.jpg","https://www.youtube.com/watch?v=2CT7eZ1ydPs","game_media\screenshots\1113_1.jpg","game_media\screenshots\1113_2.jpg","game_media\screenshots\1113_3.jpg","game_media\screenshots\1113_4.jpg","game_media\screenshots\1113_5.jpg"
1114,"game_media\covers\1114.jpg","https://www.youtube.com/watch?v=p68k3U8WzRU","game_media\screenshots\1114_1.jpg","game_media\screenshots\1114_2.jpg","game_media\screenshots\1114_3.jpg","game_media\screenshots\1114_4.jpg","game_media\screenshots\1114_5.jpg"
1115,"game_media\covers\1115.jpg","https://www.youtube.com/watch?v=n8i53TtQ6IQ","game_media\screenshots\1115_1.jpg","game_media\screenshots\1115_2.jpg","game_media\screenshots\1115_3.jpg","game_media\screenshots\1115_4.jpg","game_media\screenshots\1115_5.jpg"
1116,"game_media\covers\1116.jpg","https://www.youtube.com/watch?v=91t0ha9x0AE","game_media\screenshots\1116_1.jpg","game_media\screenshots\1116_2.jpg","game_media\screenshots\1116_3.jpg","game_media\screenshots\1116_4.jpg","game_media\screenshots\1116_5.jpg"
1117,"game_media\covers\1117.jpg","https://www.youtube.com/watch?v=7paWNhKkX38","game_media\screenshots\1117_1.jpg","game_media\screenshots\1117_2.jpg","game_media\screenshots\1117_3.jpg","game_media\screenshots\1117_4.jpg","game_media\screenshots\1117_5.jpg"
1118,"game_media\covers\1118.jpg","https://www.youtube.com/watch?v=TptJHeWngJs","game_media\screenshots\1118_1.jpg","game_media\screenshots\1118_2.jpg","game_media\screenshots\1118_3.jpg","game_media\screenshots\1118_4.jpg","game_media\screenshots\1118_5.jpg"
1119,"game_media\covers\1119.jpg","https://www.youtube.com/watch?v=9hDPmTvqob0","game_media\screenshots\1119_1.jpg","game_media\screenshots\1119_2.jpg","game_media\screenshots\1119_3.jpg","game_media\screenshots\1119_4.jpg","game_media\screenshots\1119_5.jpg"
1120,"game_media\covers\1120.jpg","https://www.youtube.com/watch?v=g4WHiMVq1-8","game_media\screenshots\1120_1.jpg","game_media\screenshots\1120_2.jpg","game_media\screenshots\1120_3.jpg","game_media\screenshots\1120_4.jpg","game_media\screenshots\1120_5.jpg"
1121,"game_media\covers\1121.jpg","https://www.youtube.com/watch?v=a9G3GYkdcxg","game_media\screenshots\1121_1.jpg","game_media\screenshots\1121_2.jpg","game_media\screenshots\1121_3.jpg","game_media\screenshots\1121_4.jpg","game_media\screenshots\1121_5.jpg"
1122,"game_media\covers\1122.jpg","https://www.youtube.com/watch?v=5fIAPcVdZO8","game_media\screenshots\1122_1.jpg","game_media\screenshots\1122_2.jpg","game_media\screenshots\1122_3.jpg","game_media\screenshots\1122_4.jpg","game_media\screenshots\1122_5.jpg"
1123,"game_media\covers\1123.jpg","https://www.youtube.com/watch?v=AwgNc1ybTVk","game_media\screenshots\1123_1.jpg","game_media\screenshots\1123_2.jpg","game_media\screenshots\1123_3.jpg","game_media\screenshots\1123_4.jpg","game_media\screenshots\1123_5.jpg"
1124,"game_media\covers\1124.jpg","https://www.youtube.com/watch?v=7vlKoMi4Qr0","game_media\screenshots\1124_1.jpg","game_media\screenshots\1124_2.jpg","game_media\screenshots\1124_3.jpg","game_media\screenshots\1124_4.jpg","game_media\screenshots\1124_5.jpg"
1125,"game_media\covers\1125.jpg","https://www.youtube.com/watch?v=2Crk_GpxGQE","game_media\screenshots\1125_1.jpg","game_media\screenshots\1125_2.jpg","game_media\screenshots\1125_3.jpg","game_media\screenshots\1125_4.jpg","game_media\screenshots\1125_5.jpg"
1126,"game_media\covers\1126.jpg","https://www.youtube.com/watch?v=wJO_vIDZn-I","game_media\screenshots\1126_1.jpg","game_media\screenshots\1126_2.jpg","game_media\screenshots\1126_3.jpg","game_media\screenshots\1126_4.jpg","game_media\screenshots\1126_5.jpg"
1127,"game_media\covers\1127.jpg","https://www.youtube.com/watch?v=RgYqQsbKn6w","game_media\screenshots\1127_1.jpg","game_media\screenshots\1127_2.jpg","game_media\screenshots\1127_3.jpg","game_media\screenshots\1127_4.jpg","game_media\screenshots\1127_5.jpg"
1128,"game_media\covers\1128.jpg","https://www.youtube.com/watch?v=ktw2k3m7Qko","game_media\screenshots\1128_1.jpg","game_media\screenshots\1128_2.jpg","game_media\screenshots\1128_3.jpg","game_media\screenshots\1128_4.jpg","game_media\screenshots\1128_5.jpg"
1129,"game_media\covers\1129.jpg","https://www.youtube.com/watch?v=mU3nNT4rcFg","game_media\screenshots\1129_1.jpg","game_media\screenshots\1129_2.jpg","game_media\screenshots\1129_3.jpg","game_media\screenshots\1129_4.jpg","game_media\screenshots\1129_5.jpg"
1130,"game_media\covers\1130.jpg","https://www.youtube.com/watch?v=IvD2EaimCCo","game_media\screenshots\1130_1.jpg","game_media\screenshots\1130_2.jpg","game_media\screenshots\1130_3.jpg","game_media\screenshots\1130_4.jpg","game_media\screenshots\1130_5.jpg"
1131,"game_media\covers\1131.jpg","https://www.youtube.com/watch?v=DCU1ZFEiEMs","game_media\screenshots\1131_1.jpg","game_media\screenshots\1131_2.jpg","game_media\screenshots\1131_3.jpg","game_media\screenshots\1131_4.jpg","game_media\screenshots\1131_5.jpg"
1132,"game_media\covers\1132.jpg","https://www.youtube.com/watch?v=GfYBSWAOcZs","game_media\screenshots\1132_1.jpg","game_media\screenshots\1132_2.jpg","game_media\screenshots\1132_3.jpg","game_media\screenshots\1132_4.jpg","game_media\screenshots\1132_5.jpg"
1133,"game_media\covers\1133.jpg","https://www.youtube.com/watch?v=1bwXsgHaqfw","game_media\screenshots\1133_1.jpg","game_media\screenshots\1133_2.jpg","game_media\screenshots\1133_3.jpg","game_media\screenshots\1133_4.jpg","game_media\screenshots\1133_5.jpg"
1134,"game_media\covers\1134.jpg","https://www.youtube.com/watch?v=ygLqvXf6mUo","game_media\screenshots\1134_1.jpg","game_media\screenshots\1134_2.jpg","game_media\screenshots\1134_3.jpg","game_media\screenshots\1134_4.jpg","game_media\screenshots\1134_5.jpg"
1135,"game_media\covers\1135.jpg","https://www.youtube.com/watch?v=V-mugKDQDlg","game_media\screenshots\1135_1.jpg","game_media\screenshots\1135_2.jpg","game_media\screenshots\1135_3.jpg","game_media\screenshots\1135_4.jpg","game_media\screenshots\1135_5.jpg"
1136,"game_media\covers\1136.jpg","https://www.youtube.com/watch?v=0ISlVt5nF2c","game_media\screenshots\1136_1.jpg","game_media\screenshots\1136_2.jpg","game_media\screenshots\1136_3.jpg","game_media\screenshots\1136_4.jpg","game_media\screenshots\1136_5.jpg"
1137,"game_media\covers\1137.jpg","https://www.youtube.com/watch?v=1Hojv0m3TqA","game_media\screenshots\1137_1.jpg","game_media\screenshots\1137_2.jpg","game_media\screenshots\1137_3.jpg","game_media\screenshots\1137_4.jpg","game_media\screenshots\1137_5.jpg"
1138,"game_media\covers\1138.jpg","https://www.youtube.com/watch?v=AvHklBn_wPU","game_media\screenshots\1138_1.jpg","game_media\screenshots\1138_2.jpg","game_media\screenshots\1138_3.jpg","game_media\screenshots\1138_4.jpg","game_media\screenshots\1138_5.jpg"
1139,"game_media\covers\1139.jpg","https://www.youtube.com/watch?v=wHoqwphzhzc","game_media\screenshots\1139_1.jpg","game_media\screenshots\1139_2.jpg","game_media\screenshots\1139_3.jpg","game_media\screenshots\1139_4.jpg","game_media\screenshots\1139_5.jpg"
1140,"game_media\covers\1140.jpg","https://www.youtube.com/watch?v=Kdaoe4hbMso","game_media\screenshots\1140_1.jpg","game_media\screenshots\1140_2.jpg","game_media\screenshots\1140_3.jpg","game_media\screenshots\1140_4.jpg","game_media\screenshots\1140_5.jpg"
1141,"game_media\covers\1141.jpg","https://www.youtube.com/watch?v=aDbDShqvc_o","game_media\screenshots\1141_1.jpg","game_media\screenshots\1141_2.jpg","game_media\screenshots\1141_3.jpg","game_media\screenshots\1141_4.jpg","game_media\screenshots\1141_5.jpg"
1142,"game_media\covers\1142.jpg","https://www.youtube.com/watch?v=XYtyeqVQnRI","game_media\screenshots\1142_1.jpg","game_media\screenshots\1142_2.jpg","game_media\screenshots\1142_3.jpg","game_media\screenshots\1142_4.jpg","game_media\screenshots\1142_5.jpg"
1143,"game_media\covers\1143.jpg","https://www.youtube.com/watch?v=PFko4Kut39s","game_media\screenshots\1143_1.jpg","game_media\screenshots\1143_2.jpg","game_media\screenshots\1143_3.jpg","game_media\screenshots\1143_4.jpg","game_media\screenshots\1143_5.jpg"
1144,"game_media\covers\1144.jpg","https://www.youtube.com/watch?v=fnd71bqiiW0","game_media\screenshots\1144_1.jpg","game_media\screenshots\1144_2.jpg","game_media\screenshots\1144_3.jpg","game_media\screenshots\1144_4.jpg","game_media\screenshots\1144_5.jpg"
1145,"game_media\covers\1145.jpg","https://www.youtube.com/watch?v=fbbqlvuovQ0","game_media\screenshots\1145_1.jpg","game_media\screenshots\1145_2.jpg","game_media\screenshots\1145_3.jpg","game_media\screenshots\1145_4.jpg","game_media\screenshots\1145_5.jpg"
1146,"game_media\covers\1146.jpg","https://www.youtube.com/watch?v=YVYiJ3VSp60","game_media\screenshots\1146_1.jpg","game_media\screenshots\1146_2.jpg","game_media\screenshots\1146_3.jpg","game_media\screenshots\1146_4.jpg","game_media\screenshots\1146_5.jpg"
1147,"game_media\covers\1147.jpg","https://www.youtube.com/watch?v=yDm6PAgNohU","game_media\screenshots\1147_1.jpg","game_media\screenshots\1147_2.jpg","game_media\screenshots\1147_3.jpg","game_media\screenshots\1147_4.jpg","game_media\screenshots\1147_5.jpg"
1148,"game_media\covers\1148.jpg","https://www.youtube.com/watch?v=0qhFgMRlgNo","game_media\screenshots\1148_1.jpg","game_media\screenshots\1148_2.jpg","game_media\screenshots\1148_3.jpg","game_media\screenshots\1148_4.jpg","game_media\screenshots\1148_5.jpg"
1149,"game_media\covers\1149.jpg","https://www.youtube.com/watch?v=4Uc_dbG7MR8","game_media\screenshots\1149_1.jpg","game_media\screenshots\1149_2.jpg","game_media\screenshots\1149_3.jpg","game_media\screenshots\1149_4.jpg","game_media\screenshots\1149_5.jpg"
1150,"game_media\covers\1150.jpg","https://www.youtube.com/watch?v=YlVf0XCybmg","game_media\screenshots\1150_1.jpg","game_media\screenshots\1150_2.jpg","game_media\screenshots\1150_3.jpg","game_media\screenshots\1150_4.jpg","game_media\screenshots\1150_5.jpg"
1151,"game_media\covers\1151.jpg","https://www.youtube.com/watch?v=rXMX4YJ7Lks","game_media\screenshots\1151_1.jpg","game_media\screenshots\1151_2.jpg","game_media\screenshots\1151_3.jpg","game_media\screenshots\1151_4.jpg","game_media\screenshots\1151_5.jpg"
1152,"game_media\covers\1152.jpg","https://www.youtube.com/watch?v=d02lhvvVSy8","game_media\screenshots\1152_1.jpg","game_media\screenshots\1152_2.jpg","game_media\screenshots\1152_3.jpg","game_media\screenshots\1152_4.jpg","game_media\screenshots\1152_5.jpg"
1153,"game_media\covers\1153.jpg","https://www.youtube.com/watch?v=EuHmWtHFyBo","game_media\screenshots\1153_1.jpg","game_media\screenshots\1153_2.jpg","game_media\screenshots\1153_3.jpg","game_media\screenshots\1153_4.jpg","game_media\screenshots\1153_5.jpg"
1154,"game_media\covers\1154.jpg","https://www.youtube.com/watch?v=VUMBSeBqnQ8","game_media\screenshots\1154_1.jpg","game_media\screenshots\1154_2.jpg","game_media\screenshots\1154_3.jpg","game_media\screenshots\1154_4.jpg","game_media\screenshots\1154_5.jpg"
1155,"game_media\covers\1155.jpg","https://www.youtube.com/watch?v=7h0cgmvIrZw","game_media\screenshots\1155_1.jpg","game_media\screenshots\1155_2.jpg","game_media\screenshots\1155_3.jpg","game_media\screenshots\1155_4.jpg","game_media\screenshots\1155_5.jpg"
1156,"game_media\covers\1156.jpg","https://www.youtube.com/watch?v=s_SJZSAtLBA","game_media\screenshots\1156_1.jpg","game_media\screenshots\1156_2.jpg","game_media\screenshots\1156_3.jpg","game_media\screenshots\1156_4.jpg","game_media\screenshots\1156_5.jpg"
1157,"game_media\covers\1157.jpg","https://www.youtube.com/watch?v=miVz9nsMYEw","game_media\screenshots\1157_1.jpg","game_media\screenshots\1157_2.jpg","game_media\screenshots\1157_3.jpg","game_media\screenshots\1157_4.jpg","game_media\screenshots\1157_5.jpg"
1158,"game_media\covers\1158.jpg","https://www.youtube.com/watch?v=R8aRCwbZGek","game_media\screenshots\1158_1.jpg","game_media\screenshots\1158_2.jpg","game_media\screenshots\1158_3.jpg","game_media\screenshots\1158_4.jpg","game_media\screenshots\1158_5.jpg"
1159,"game_media\covers\1159.jpg","https://www.youtube.com/watch?v=ArHzEGeiMbg","game_media\screenshots\1159_1.jpg","game_media\screenshots\1159_2.jpg","game_media\screenshots\1159_3.jpg","game_media\screenshots\1159_4.jpg","game_media\screenshots\1159_5.jpg"
1160,"game_media\covers\1160.jpg","https://www.youtube.com/watch?v=8qFM8v8QZf0","game_media\screenshots\1160_1.jpg","game_media\screenshots\1160_2.jpg","game_media\screenshots\1160_3.jpg","game_media\screenshots\1160_4.jpg","game_media\screenshots\1160_5.jpg"
1161,"game_media\covers\1161.jpg","https://www.youtube.com/watch?v=9pnK8akbd2M","game_media\screenshots\1161_1.jpg","game_media\screenshots\1161_2.jpg","game_media\screenshots\1161_3.jpg","game_media\screenshots\1161_4.jpg","game_media\screenshots\1161_5.jpg"
1162,"game_media\covers\1162.jpg","https://www.youtube.com/watch?v=NN-9SQXoi50","game_media\screenshots\1162_1.jpg","game_media\screenshots\1162_2.jpg","game_media\screenshots\1162_3.jpg","game_media\screenshots\1162_4.jpg","game_media\screenshots\1162_5.jpg"
1163,"game_media\covers\1163.jpg","https://www.youtube.com/watch?v=mb7Xzl2-lr0","game_media\screenshots\1163_1.jpg","game_media\screenshots\1163_2.jpg","game_media\screenshots\1163_3.jpg","game_media\screenshots\1163_4.jpg","game_media\screenshots\1163_5.jpg"
1164,"game_media\covers\1164.jpg","https://www.youtube.com/watch?v=P-UY6IyI03Q","game_media\screenshots\1164_1.jpg","game_media\screenshots\1164_2.jpg","game_media\screenshots\1164_3.jpg","game_media\screenshots\1164_4.jpg","game_media\screenshots\1164_5.jpg"
1165,"game_media\covers\1165.jpg","https://www.youtube.com/watch?v=qzkVTDfxIUI","game_media\screenshots\1165_1.jpg","game_media\screenshots\1165_2.jpg","game_media\screenshots\1165_3.jpg","game_media\screenshots\1165_4.jpg","game_media\screenshots\1165_5.jpg"
1166,"game_media\covers\1166.jpg","https://www.youtube.com/watch?v=PyMlV5_HRWk","game_media\screenshots\1166_1.jpg","game_media\screenshots\1166_2.jpg","game_media\screenshots\1166_3.jpg","game_media\screenshots\1166_4.jpg","game_media\screenshots\1166_5.jpg"
1167,"game_media\covers\1167.jpg","https://www.youtube.com/watch?v=CermGp8bwFE","game_media\screenshots\1167_1.jpg","game_media\screenshots\1167_2.jpg","game_media\screenshots\1167_3.jpg","game_media\screenshots\1167_4.jpg","game_media\screenshots\1167_5.jpg"
1168,"game_media\covers\1168.jpg","https://www.youtube.com/watch?v=GTik6sYT_BE","game_media\screenshots\1168_1.jpg","game_media\screenshots\1168_2.jpg","game_media\screenshots\1168_3.jpg","game_media\screenshots\1168_4.jpg","game_media\screenshots\1168_5.jpg"
1169,"game_media\covers\1169.jpg","https://www.youtube.com/watch?v=cUuKIpCM2o0","game_media\screenshots\1169_1.jpg","game_media\screenshots\1169_2.jpg","game_media\screenshots\1169_3.jpg","game_media\screenshots\1169_4.jpg","game_media\screenshots\1169_5.jpg"
1170,"game_media\covers\1170.jpg","https://www.youtube.com/watch?v=FkklG9MA0vM","game_media\screenshots\1170_1.jpg","game_media\screenshots\1170_2.jpg","game_media\screenshots\1170_3.jpg","game_media\screenshots\1170_4.jpg","game_media\screenshots\1170_5.jpg"
1171,"game_media\covers\1171.jpg","https://www.youtube.com/watch?v=CyDs5UJfvks","game_media\screenshots\1171_1.jpg","game_media\screenshots\1171_2.jpg","game_media\screenshots\1171_3.jpg","game_media\screenshots\1171_4.jpg","game_media\screenshots\1171_5.jpg"
1172,"game_media\covers\1172.jpg","https://www.youtube.com/watch?v=YIkgOUKTAn8","game_media\screenshots\1172_1.jpg","game_media\screenshots\1172_2.jpg","game_media\screenshots\1172_3.jpg","game_media\screenshots\1172_4.jpg","game_media\screenshots\1172_5.jpg"
1173,"game_media\covers\1173.jpg","https://www.youtube.com/watch?v=GrXJcEknZEU","game_media\screenshots\1173_1.jpg","game_media\screenshots\1173_2.jpg","game_media\screenshots\1173_3.jpg","game_media\screenshots\1173_4.jpg","game_media\screenshots\1173_5.jpg"
1174,"game_media\covers\1174.jpg","https://www.youtube.com/watch?v=kCZMzEPL8wI","game_media\screenshots\1174_1.jpg","game_media\screenshots\1174_2.jpg","game_media\screenshots\1174_3.jpg","game_media\screenshots\1174_4.jpg","game_media\screenshots\1174_5.jpg"
1175,"game_media\covers\1175.jpg","https://www.youtube.com/watch?v=ysj_MQ0nuXw","game_media\screenshots\1175_1.jpg","game_media\screenshots\1175_2.jpg","game_media\screenshots\1175_3.jpg","game_media\screenshots\1175_4.jpg","game_media\screenshots\1175_5.jpg"
1176,"game_media\covers\1176.jpg","https://www.youtube.com/watch?v=c7nRTF2SowQ","game_media\screenshots\1176_1.jpg","game_media\screenshots\1176_2.jpg","game_media\screenshots\1176_3.jpg","game_media\screenshots\1176_4.jpg","game_media\screenshots\1176_5.jpg"
1177,"game_media\covers\1177.jpg","https://www.youtube.com/watch?v=I_KGhFpV4W8","game_media\screenshots\1177_1.jpg","game_media\screenshots\1177_2.jpg","game_media\screenshots\1177_3.jpg","game_media\screenshots\1177_4.jpg","game_media\screenshots\1177_5.jpg"
1178,"game_media\covers\1178.jpg","https://www.youtube.com/watch?v=ZlF4_o3qALo","game_media\screenshots\1178_1.jpg","game_media\screenshots\1178_2.jpg","game_media\screenshots\1178_3.jpg","game_media\screenshots\1178_4.jpg","game_media\screenshots\1178_5.jpg"
1179,"game_media\covers\1179.jpg","https://www.youtube.com/watch?v=5lYNJQVz_Pc","game_media\screenshots\1179_1.jpg","game_media\screenshots\1179_2.jpg","game_media\screenshots\1179_3.jpg","game_media\screenshots\1179_4.jpg","game_media\screenshots\1179_5.jpg"
1180,"game_media\covers\1180.jpg","https://www.youtube.com/watch?v=fBtX0S2J32Y","game_media\screenshots\1180_1.jpg","game_media\screenshots\1180_2.jpg","game_media\screenshots\1180_3.jpg","game_media\screenshots\1180_4.jpg","game_media\screenshots\1180_5.jpg"
1181,"game_media\covers\1181.jpg","https://www.youtube.com/watch?v=nXQQDlTI89Q","game_media\screenshots\1181_1.jpg","game_media\screenshots\1181_2.jpg","game_media\screenshots\1181_3.jpg","game_media\screenshots\1181_4.jpg","game_media\screenshots\1181_5.jpg"
1182,"game_media\covers\1182.jpg","https://www.youtube.com/watch?v=6d60v1OErEY","game_media\screenshots\1182_1.jpg","game_media\screenshots\1182_2.jpg","game_media\screenshots\1182_3.jpg","game_media\screenshots\1182_4.jpg","game_media\screenshots\1182_5.jpg"
1183,"game_media\covers\1183.jpg","https://www.youtube.com/watch?v=zU3rmgIcpc","game_media\screenshots\1183_1.jpg","game_media\screenshots\1183_2.jpg","game_media\screenshots\1183_3.jpg","game_media\screenshots\1183_4.jpg","game_media\screenshots\1183_5.jpg"
1184,"game_media\covers\1184.jpg","https://www.youtube.com/watch?v=DD4zMOvRrzM","game_media\screenshots\1184_1.jpg","game_media\screenshots\1184_2.jpg","game_media\screenshots\1184_3.jpg","game_media\screenshots\1184_4.jpg","game_media\screenshots\1184_5.jpg"
1185,"game_media\covers\1185.jpg","https://www.youtube.com/watch?v=NJ2KFjNMwIg","game_media\screenshots\1185_1.jpg","game_media\screenshots\1185_2.jpg","game_media\screenshots\1185_3.jpg","game_media\screenshots\1185_4.jpg","game_media\screenshots\1185_5.jpg"
1186,"game_media\covers\1186.jpg","https://www.youtube.com/watch?v=2ZV6Fwx_Sf4","game_media\screenshots\1186_1.jpg","game_media\screenshots\1186_2.jpg","game_media\screenshots\1186_3.jpg","game_media\screenshots\1186_4.jpg","game_media\screenshots\1186_5.jpg"
1187,"game_media\covers\1187.jpg","https://www.youtube.com/watch?v=k4Thg-jwRvU","game_media\screenshots\1187_1.jpg","game_media\screenshots\1187_2.jpg","game_media\screenshots\1187_3.jpg","game_media\screenshots\1187_4.jpg","game_media\screenshots\1187_5.jpg"
1188,"game_media\covers\1188.jpg","https://www.youtube.com/watch?v=ng3QFTq9BpU","game_media\screenshots\1188_1.jpg","game_media\screenshots\1188_2.jpg","game_media\screenshots\1188_3.jpg","game_media\screenshots\1188_4.jpg","game_media\screenshots\1188_5.jpg"
1189,"game_media\covers\1189.jpg","https://www.youtube.com/watch?v=ztjfwecrY8E","game_media\screenshots\1189_1.jpg","game_media\screenshots\1189_2.jpg","game_media\screenshots\1189_3.jpg","game_media\screenshots\1189_4.jpg","game_media\screenshots\1189_5.jpg"
1190,"game_media\covers\1190.jpg","https://www.youtube.com/watch?v=T9cTArd30Dw","game_media\screenshots\1190_1.jpg","game_media\screenshots\1190_2.jpg","game_media\screenshots\1190_3.jpg","game_media\screenshots\1190_4.jpg","game_media\screenshots\1190_5.jpg"
1191,"game_media\covers\1191.jpg","https://www.youtube.com/watch?v=5KdE0p2joJw","game_media\screenshots\1191_1.jpg","game_media\screenshots\1191_2.jpg","game_media\screenshots\1191_3.jpg","game_media\screenshots\1191_4.jpg","game_media\screenshots\1191_5.jpg"
1192,"game_media\covers\1192.jpg","https://www.youtube.com/watch?v=cklw-Yu3moE","game_media\screenshots\1192_1.jpg","game_media\screenshots\1192_2.jpg","game_media\screenshots\1192_3.jpg","game_media\screenshots\1192_4.jpg","game_media\screenshots\1192_5.jpg"
1193,"game_media\covers\1193.jpg","https://www.youtube.com/watch?v=BZTfi1jv-EE","game_media\screenshots\1193_1.jpg","game_media\screenshots\1193_2.jpg","game_media\screenshots\1193_3.jpg","game_media\screenshots\1193_4.jpg","game_media\screenshots\1193_5.jpg"
1194,"game_media\covers\1194.jpg","https://www.youtube.com/watch?v=-pUhraVG7Ow","game_media\screenshots\1194_1.jpg","game_media\screenshots\1194_2.jpg","game_media\screenshots\1194_3.jpg","game_media\screenshots\1194_4.jpg","game_media\screenshots\1194_5.jpg"
1195,"game_media\covers\1195.jpg","https://www.youtube.com/watch?v=BALBUyoTxQM","game_media\screenshots\1195_1.jpg","game_media\screenshots\1195_2.jpg","game_media\screenshots\1195_3.jpg","game_media\screenshots\1195_4.jpg","game_media\screenshots\1195_5.jpg"
1196,"game_media\covers\1196.jpg","https://www.youtube.com/watch?v=p-rPsA18j8c","game_media\screenshots\1196_1.jpg","game_media\screenshots\1196_2.jpg","game_media\screenshots\1196_3.jpg","game_media\screenshots\1196_4.jpg","game_media\screenshots\1196_5.jpg"
1197,"game_media\covers\1197.jpg","https://www.youtube.com/watch?v=6FtOFv5oGEI","game_media\screenshots\1197_1.jpg","game_media\screenshots\1197_2.jpg","game_media\screenshots\1197_3.jpg","game_media\screenshots\1197_4.jpg","game_media\screenshots\1197_5.jpg"
1198,"game_media\covers\1198.jpg","https://www.youtube.com/watch?v=7ynJN-HejlY","game_media\screenshots\1198_1.jpg","game_media\screenshots\1198_2.jpg","game_media\screenshots\1198_3.jpg","game_media\screenshots\1198_4.jpg","game_media\screenshots\1198_5.jpg"
1199,"game_media\covers\1199.jpg","https://www.youtube.com/watch?v=l9mJEww0VL8","game_media\screenshots\1199_1.jpg","game_media\screenshots\1199_2.jpg","game_media\screenshots\1199_3.jpg","game_media\screenshots\1199_4.jpg","game_media\screenshots\1199_5.jpg"
1200,"game_media\covers\1200.jpg","https://www.youtube.com/watch?v=DPBW_MFqeRs","game_media\screenshots\1200_1.jpg","game_media\screenshots\1200_2.jpg","game_media\screenshots\1200_3.jpg","game_media\screenshots\1200_4.jpg","game_media\screenshots\1200_5.jpg"
1201,"game_media\covers\1201.jpg","https://www.youtube.com/watch?v=hh9x4NqW0Dw","game_media\screenshots\1201_1.jpg","game_media\screenshots\1201_2.jpg","game_media\screenshots\1201_3.jpg","game_media\screenshots\1201_4.jpg","game_media\screenshots\1201_5.jpg"
1202,"game_media\covers\1202.jpg","https://www.youtube.com/watch?v=0VxoWT0MyLE","game_media\screenshots\1202_1.jpg","game_media\screenshots\1202_2.jpg","game_media\screenshots\1202_3.jpg","game_media\screenshots\1202_4.jpg","game_media\screenshots\1202_5.jpg"
1203,"game_media\covers\1203.jpg","https://www.youtube.com/watch?v=-UhHcEiegb8","game_media\screenshots\1203_1.jpg","game_media\screenshots\1203_2.jpg","game_media\screenshots\1203_3.jpg","game_media\screenshots\1203_4.jpg",""
1204,"game_media\covers\1204.jpg","https://www.youtube.com/watch?v=qAUYNIDEJ6o","game_media\screenshots\1204_1.jpg","game_media\screenshots\1204_2.jpg","game_media\screenshots\1204_3.jpg","game_media\screenshots\1204_4.jpg","game_media\screenshots\1204_5.jpg"
1205,"game_media\covers\1205.jpg","https://www.youtube.com/watch?v=6ptQg3BWmV4","game_media\screenshots\1205_1.jpg","game_media\screenshots\1205_2.jpg","game_media\screenshots\1205_3.jpg","game_media\screenshots\1205_4.jpg","game_media\screenshots\1205_5.jpg"
1206,"game_media\covers\1206.jpg","https://www.youtube.com/watch?v=bkrwUzWeACg","game_media\screenshots\1206_1.jpg","game_media\screenshots\1206_2.jpg","game_media\screenshots\1206_3.jpg","game_media\screenshots\1206_4.jpg","game_media\screenshots\1206_5.jpg"
1207,"game_media\covers\1207.jpg","https://www.youtube.com/watch?v=1RCfimgVV24","game_media\screenshots\1207_1.jpg","game_media\screenshots\1207_2.jpg","game_media\screenshots\1207_3.jpg","game_media\screenshots\1207_4.jpg","game_media\screenshots\1207_5.jpg"
1208,"game_media\covers\1208.jpg","https://www.youtube.com/watch?v=-o7rES_3ymA","game_media\screenshots\1208_1.jpg","game_media\screenshots\1208_2.jpg","game_media\screenshots\1208_3.jpg","game_media\screenshots\1208_4.jpg","game_media\screenshots\1208_5.jpg"
1209,"game_media\covers\1209.jpg","https://www.youtube.com/watch?v=omxD7GWj0DQ","game_media\screenshots\1209_1.jpg","game_media\screenshots\1209_2.jpg","game_media\screenshots\1209_3.jpg","game_media\screenshots\1209_4.jpg","game_media\screenshots\1209_5.jpg"
1210,"game_media\covers\1210.jpg","https://www.youtube.com/watch?v=RvGaSPTcTxc","game_media\screenshots\1210_1.jpg","game_media\screenshots\1210_2.jpg","game_media\screenshots\1210_3.jpg","game_media\screenshots\1210_4.jpg","game_media\screenshots\1210_5.jpg"